last,first
ABDULLAI,SAMUEL
STILES,JOHN
RITCHIE,HEIDI
FARLEY,ZACH
BROOM,SEAN
YANG,YER
SALAH,ABDI
SCHUSTER,LEDA
GOMEZ,AISHA
QUIROZ,MARYANNE
XIONG,DESTINY
HARRIS,RON
WALLACE,LINDSEY
MURPHY,SUZANNE
NELSON,KATE
KILLIAN,KENDAL
DAY,PATTY
JEFFERSON,DEMARIO
BROWN,MONTEZ
ASIATA,MATT
BARR,ANTHONY
BEAVERS,WILLIE
BERGER,JOE
BOONE,ALEX
BRADFORD,SAMUEL
BROTHERS,KENTRELL
CLEMMINGS,TREVOR
CLEMMINGS,T.J.
BRADFORD,SAM
COLE,AUDIE
DIGGS,STEFON
EASTON,NICK
ELLISON,RHETT
FORBATH,KAI
FRUECHTE,ISAAC
FUSCO,BRANDON
GREENWAY,CHAD
GRIFFEN,EVERSON
HAM,C.J.
HARRIS,ANTHONY
HEINCKIE,TAYLOR
HILL,RASHOD
HILL,SHAUN
HUNTER,DANIELLE
JOHNSON,CHARLES
JOHNSON,TOBY
JOSEPH,LINVAL
KEARSE,JAYRON
KENDRICKS,ERIC
KERIN,ZAC
LAMUR,EMMANUEL
LINE,ZACH
LOCKE,JEFFREY
LOCKE,JEFF
MCDERMOTT,KEVIN
MCKINNON,JERICK
MORGAN,DAVID
MUNNERLYN,CAPTAIN
NEWMAN,TERENCE
PATTERSON,CORDARRELLE
PETERSON,ADRIAN
RHODES,XAVIER
ROBINSON,EDMOND
ROBISON,BRIAN
RUDOLPH,KYLE
SHERELS,MARCUS
SIRLES,JEREMIAH
SMITH,HARRISON
STEPHEN,SHAMAR
THIELEN,ADAM
TRATTOU,JUSTIN
TREADWELL,LAQUON
WAYNES,TRAE
WEATHERLY,STEPHEN
WRIGHT,JARIUS
ALEXANDER,MACKENSIE
BRIDGEWATER,THEODORE
BRIDGEWATER,TEDDY
CRICHTON,SCOTT
DUBOSE,B.J.
EXUM,ANTONE
FLOYD,SHARRIF
JOHNSON,TOM
KALIL,MATT
LONG,JAKE
PRICE,JABARI
SENDEJO,ANDREW
SMITH,ANDRE
HARRIS,MICHAEL
HARRIS,MIKE
STERLING,BAILEY
BOHRINGER,MORITZ
CARTER,KYLE
FRAGEL,REID
JONES,CAYLEB
KOEHN,MARSHALL
LUCAS,MARQUIS
ROBERSON,TRE
SANKEY,BISHOP
SHEPHERD,AUSTIN
SYMMANK,TAYLOR
THOMPSON,CEDRIC
ZIMMER,MICHAEL
ZIMMER,MIKE
EDWARDS,GEORGE
PRIEFER,MIKE
PRIEFER,MICHAEL
SHURMUR,PAT
SHURMUR,PATRICK
BARONE,CLANCY
FRALEY,HANK
FRICKEN,RYAN
GANNON,JONATHAN
GRAY,JERRY
HOWARD,JEFF
HURD,JEFF
JANOCKO,ANDREW
MAHLE,CHAZ
POLAMALU,KENNEDY
PATTERSON,ANDRE
PETZING,DREW
RODRIGUEZ,ROBERT
SALAZAR,BRENT
SPARANO,TONY
SPARANO,ANTHONY
STEFANSKI,KEVIN
STEWART,GEORGE
ZIMMER,ADAM